{"cameraMode":{"drawMode":0,"name":"Shaded","section":"Shading Mode"},"sceneLighting":false,"audioPlay":false,"sceneViewState":{"m_AlwaysRefresh":false,"showFog":true,"showSkybox":false,"showFlares":true,"showImageEffects":true,"showParticleSystems":true,"showVisualEffectGraphs":true,"m_FxEnabled":true},"in2DMode":false,"pivot":{"x":3.3779547214508058,"y":0.2975715100765228,"z":19.418834686279298},"rotation":{"x":-0.00795893743634224,"y":0.6765328049659729,"z":-0.0073134759441018108,"w":-0.7363355159759522},"size":1.0924488306045533,"orthographic":false}