{"cameraMode":{"drawMode":0,"name":"Shaded","section":"Shading Mode"},"sceneLighting":false,"audioPlay":false,"sceneViewState":{"m_AlwaysRefresh":false,"showFog":true,"showSkybox":true,"showFlares":true,"showImageEffects":true,"showParticleSystems":true,"showVisualEffectGraphs":true,"m_FxEnabled":true},"in2DMode":false,"pivot":{"x":769.7760620117188,"y":426.7585144042969,"z":19.750808715820314},"rotation":{"x":0.18892858922481538,"y":-0.0665191039443016,"z":0.012799466028809548,"w":0.9796723127365112},"size":458.5194091796875,"orthographic":false}